Workbook

Sheet Sprint backlog
A1: Wayfare: sprint backlog
A2: Source: Trello board https://trello.com/b/MFhbwJxe/wayfare, read on 15 Oct 2026. One row per card, in board order. Status is Done when the due date is ticked complete on the card. Days = Due - Start + 1.
A4: WBS | B4: Sprint | C4: Card | D4: Labels | E4: Members | F4: Start | G4: Due | H4: Days | I4: Status | J4: Trello card
A5: 1.1 | B5: Sprint 1 | C5: Set up GitHub and add project members | E5: Kerollos | F5: 46288 | G5: 46289 | H5: =G5-F5+1 | I5: Done | J5: https://trello.com/c/pbxrXGua
A6: 1.2 | B6: Sprint 1 | C6: Project requirements | E6: Whole team | F6: 46289 | G6: 46292 | H6: =G6-F6+1 | I6: Done | J6: https://trello.com/c/z2inEAyY
A7: 1.3 | B7: Sprint 1 | C7: Choose the web stack | E7: Whole team | F7: 46292 | G7: 46292 | H7: =G7-F7+1 | I7: Done | J7: https://trello.com/c/poem249a
A8: 1.4 | B8: Sprint 1 | C8: Determine the project structure | E8: Whole team | F8: 46292 | G8: 46292 | H8: =G8-F8+1 | I8: Done | J8: https://trello.com/c/Y49jBrQV
A9: 1.5 | B9: Sprint 1 | C9: Front-end wireframe | D9: Integrating with Frontend | E9: Abdelrahman | F9: 46292 | G9: 46295 | H9: =G9-F9+1 | I9: Done | J9: https://trello.com/c/1aZ2m2yk
A10: 1.6 | B10: Sprint 1 | C10: Front-end review and notes | D10: Integrating with Frontend, Testing | E10: Mina, Kerollos | F10: 46295 | G10: 46298 | H10: =G10-F10+1 | I10: Done | J10: https://trello.com/c/E47IsomR
A11: 2.1 | B11: Sprint 2 | C11: Business flow and requirements | E11: Whole team | F11: 46298 | G11: 46298 | H11: =G11-F11+1 | I11: Done | J11: https://trello.com/c/IZKHleJT
A12: 2.2 | B12: Sprint 2 | C12: Entities and their attributes | E12: Kerollos | F12: 46298 | G12: 46299 | H12: =G12-F12+1 | I12: Done | J12: https://trello.com/c/OfLrs972
A13: 2.3 | B13: Sprint 2 | C13: Install the required NuGet packages | E13: Mina, Kerollos | F13: 46299 | G13: 46299 | H13: =G13-F13+1 | I13: Done | J13: https://trello.com/c/LiJgQ3Pm
A14: 2.4 | B14: Sprint 2 | C14: ERD and its documentation | D14: Database | E14: Mina | F14: 46300 | G14: 46302 | H14: =G14-F14+1 | I14: Done | J14: https://trello.com/c/qKKuvXoH
A15: 2.5 | B15: Sprint 2 | C15: Back-end models and enums | D15: Feature | E15: Mina | F15: 46302 | G15: 46304 | H15: =G15-F15+1 | I15: Done | J15: https://trello.com/c/oxyW7ctG
A16: 2.6 | B16: Sprint 2 | C16: List all API endpoints | E16: Mina | F16: 46304 | G16: 46305 | H16: =G16-F16+1 | I16: Done | J16: https://trello.com/c/A54TWQNu
A17: 2.7 | B17: Sprint 2 | C17: DbContext and database | D17: Database, Milestone | E17: Kerollos | F17: 46304 | G17: 46306 | H17: =G17-F17+1 | I17: Done | J17: https://trello.com/c/EZ9lnIYX
A18: 2.8 | B18: Sprint 2 | C18: Bug fixing and edits | D18: Testing | E18: Whole team | F18: 46298 | G18: 46308 | H18: =G18-F18+1 | I18: Done | J18: https://trello.com/c/h3qVbUWz
A19: 2.9 | B19: Sprint 2 | C19: Back-end data configurations | D19: Database | E19: Kerollos | F19: 46306 | G19: 46308 | H19: =G19-F19+1 | I19: Done | J19: https://trello.com/c/K72zYdgA
A20: 3.1 | B20: Sprint 3 | C20: Login controller | D20: Feature | F20: 46308 | G20: 46310 | H20: =G20-F20+1 | I20: To do | J20: https://trello.com/c/6yknThto
A21: 3.2 | B21: Sprint 3 | C21: Register controller | D21: Feature | F21: 46308 | G21: 46310 | H21: =G21-F21+1 | I21: To do | J21: https://trello.com/c/IIN7A8qu
A22: 3.3 | B22: Sprint 3 | C22: Register DTO and its mapper | D22: Feature | F22: 46308 | G22: 46310 | H22: =G22-F22+1 | I22: To do | J22: https://trello.com/c/vEIV10KO
A23: 3.4 | B23: Sprint 3 | C23: Login DTO and its mapper | D23: Feature | F23: 46308 | G23: 46310 | H23: =G23-F23+1 | I23: To do | J23: https://trello.com/c/T825V92l
A24: 3.5 | B24: Sprint 3 | C24: Fix enum typos and add Rental fields | D24: Database | F24: 46310 | G24: 46311 | H24: =G24-F24+1 | I24: To do | J24: https://trello.com/c/Vn43DkQX
A25: 3.6 | B25: Sprint 3 | C25: Program.cs setup | D25: Feature | F25: 46310 | G25: 46311 | H25: =G25-F25+1 | I25: To do | J25: https://trello.com/c/CYEYdoCJ
A26: 3.7 | B26: Sprint 3 | C26: ListCar controller | D26: Feature | F26: 46310 | G26: 46312 | H26: =G26-F26+1 | I26: To do | J26: https://trello.com/c/QP40LNBB
A27: 3.8 | B27: Sprint 3 | C27: ListCar DTO and its mapper | D27: Feature | F27: 46310 | G27: 46312 | H27: =G27-F27+1 | I27: To do | J27: https://trello.com/c/jQtCx9ab
A28: 3.9 | B28: Sprint 3 | C28: RentalRules service | D28: Feature | F28: 46311 | G28: 46312 | H28: =G28-F28+1 | I28: To do | J28: https://trello.com/c/TExOruDr
A29: 3.10 | B29: Sprint 3 | C29: Seed roles, admin account and sample cars | D29: Database | F29: 46311 | G29: 46312 | H29: =G29-F29+1 | I29: To do | J29: https://trello.com/c/0pL339MB
A30: 3.11 | B30: Sprint 3 | C30: Image storage service | D30: Feature | F30: 46311 | G30: 46312 | H30: =G30-F30+1 | I30: To do | J30: https://trello.com/c/WPmSJB3H
A31: 3.12 | B31: Sprint 3 | C31: Branches endpoint | D31: Feature | F31: 46312 | G31: 46312 | H31: =G31-F31+1 | I31: To do | J31: https://trello.com/c/SdEdmdWh
... A71: 8.1 | B71: Sprint 8 | C71: Test the whole system and fix any bugs | D71: Testing, Integrating with Frontend | F71: 46358 | G71: 46381 | H71: =G71-F71+1 | I71: To do | J71: https://trello.com/c/nw3eoCRm

Sheet Sprints
A1: Wayfare: sprints
A2: Each sprint is one list on the Trello board. Start, End, Cards and Done are formulas over the Sprint backlog sheet.
A4: Sprint | B4: Focus | C4: Trello list | D4: Start | E4: End | F4: Days | G4: Cards | H4: Done | I4: Done %
A5: Sprint 1 | B5: Front-end wireframe and project structure | C5: Sprint 1 - Frontend WireFrame && Project Structure | D5: =MIN('Sprint backlog'!F5:F10) | E5: =MAX('Sprint backlog'!G5:G10) | F5: =E5-D5+1 | G5: =COUNTA('Sprint backlog'!C5:C10) | H5: =COUNTIF('Sprint backlog'!I5:I10,"Done") | I5: =IF(G5=0,0,H5/G5)
A6: Sprint 2 | B6: Back-end data and database | C6: Sprint 2 - Backend Data && Database | D6: =MIN('Sprint backlog'!F11:F19) | E6: =MAX('Sprint backlog'!G11:G19) | F6: =E6-D6+1 | G6: =COUNTA('Sprint backlog'!C11:C19) | H6: =COUNTIF('Sprint backlog'!I11:I19,"Done") | I6: =IF(G6=0,0,H6/G6)
A7: Sprint 3 | B7: Authentication endpoints and one customer endpoint | C7: Sprint 3 - Authentication Endpoints + one cutomer endpoint | D7: =MIN('Sprint backlog'!F20:F36) | E7: =MAX('Sprint backlog'!G20:G36) | F7: =E7-D7+1 | G7: =COUNTA('Sprint backlog'!C20:C36) | H7: =COUNTIF('Sprint backlog'!I20:I36,"Done") | I7: =IF(G7=0,0,H7/G7)
A8: Sprint 4 | B8: Customer endpoints | C8: Sprint 4 - 3 Customer Endpoints | D8: =MIN('Sprint backlog'!F37:F48) | E8: =MAX('Sprint backlog'!G37:G48) | F8: =E8-D8+1 | G8: =COUNTA('Sprint backlog'!C37:C48) | H8: =COUNTIF('Sprint backlog'!I37:I48,"Done") | I8: =IF(G8=0,0,H8/G8)
A9: Sprint 5 | B9: Admin listing functionalities | C9: Sprint 5 - Admin Listing Functionalities | D9: =MIN('Sprint backlog'!F49:F57) | E9: =MAX('Sprint backlog'!G49:G57) | F9: =E9-D9+1 | G9: =COUNTA('Sprint backlog'!C49:C57) | H9: =COUNTIF('Sprint backlog'!I49:I57,"Done") | I9: =IF(G9=0,0,H9/G9)
A10: Sprint 6 | B10: Admin core functionalities | C10: Sprint 6 - Admin Core Functionalities | D10: =MIN('Sprint backlog'!F58:F64) | E10: =MAX('Sprint backlog'!G58:G64) | F10: =E10-D10+1 | G10: =COUNTA('Sprint backlog'!C58:C64) | H10: =COUNTIF('Sprint backlog'!I58:I64,"Done") | I10: =IF(G10=0,0,H10/G10)
A11: Sprint 7 | B11: Admin endpoints, part 2 | C11: Sprint 7 - admin endpoints part 2 | D11: =MIN('Sprint backlog'!F65:F70) | E11: =MAX('Sprint backlog'!G65:G70) | F11: =E11-D11+1 | G11: =COUNTA('Sprint backlog'!C65:C70) | H11: =COUNTIF('Sprint backlog'!I65:I70,"Done") | I11: =IF(G11=0,0,H11/G11)
A12: Sprint 8 | B12: Final testing | C12: Sprint 8 - Final Testing | D12: =MIN('Sprint backlog'!F71:F71) | E12: =MAX('Sprint backlog'!G71:G71) | F12: =E12-D12+1 | G12: =COUNTA('Sprint backlog'!C71:C71) | H12: =COUNTIF('Sprint backlog'!I71:I71,"Done") | I12: =IF(G12=0,0,H12/G12)
A13: Total | D13: =MIN(D5:D12) | E13: =MAX(E5:E12) | F13: =E13-D13+1 | G13: =SUM(G5:G12) | H13: =SUM(H5:H12) | I13: =IF(G13=0,0,H13/G13)

Sheet Milestones
A1: Wayfare: milestones
A2: Milestones are the cards with the Milestone label on the Trello board. "End" is the last due date on the board.
A4: Ref | B4: Date | C4: Milestone | D4: Done when | E4: Sprint | F4: Trello card
A5: M1 | B5: 46306 | C5: DbContext and database ready | D5: The DbContext is set up and the database is created from the models. | E5: Sprint 2 | F5: https://trello.com/c/EZ9lnIYX
A6: M2 | B6: 46314 | C6: Authentication and authorization live | D6: Login and register run on ASP.NET Core Identity with JWT tokens and roles. | E6: Sprint 3 | F6: https://trello.com/c/YnKxkEPO
A7: M3 | B7: 46355 | C7: Last app feature built | D7: DeleteCar, the last feature card on the board, is done. | E7: Sprint 7 | F7: https://trello.com/c/ErdjjFYd
A8: End | B8: 46381 | C8: Final testing complete | D8: The whole system is tested with the front end and the bugs found are fixed. | E8: Sprint 8 | F8: https://trello.com/c/nw3eoCRm

Sheet Package plan
A1: Wayfare: back-end package plan
A2: Snapshot of 16 Oct 2026: card sizes S 2, M 4, L 8 hours, 2 hours a day for each member, every calendar day counts. A package starts when the cards it needs are finished. Start and End come from the Backend Board; Cards, Work, Days and Spare are formulas.
A4: Package | B4: Name | C4: Cards | D4: Work (h) | E4: Start | F4: End | G4: Days | H4: Needs first | I4: Room (days) | J4: Critical path | K4: Trello deadline | L4: Spare (days)
A5: A | B5: Foundation and sign in | C5: =COUNTIF('Package cards'!$A$5:$A$42,A5) | D5: =SUMIF('Package cards'!$A$5:$A$42,A5,'Package cards'!$E$5:$E$42) | E5: 46311 | F5: 46321 | G5: =F5-E5+1 | H5: Nothing | I5: 0 | J5: Yes | K5: 46317 | L5: =IF(K5="","",K5-F5)
A6: B | B6: Accounts and profiles | C6: =COUNTIF('Package cards'!$A$5:$A$42,A6) | D6: =SUMIF('Package cards'!$A$5:$A$42,A6,'Package cards'!$E$5:$E$42) | E6: 46311 | F6: 46324 | G6: =F6-E6+1 | H6: A (ready 23 Oct) | I6: 4 | J6: No | K6: 46353 | L6: =IF(K6="","",K6-F6)
A7: C | B7: Browse cars and request one | C7: =COUNTIF('Package cards'!$A$5:$A$42,A7) | D7: =SUMIF('Package cards'!$A$5:$A$42,A7,'Package cards'!$E$5:$E$42) | E7: 46311 | F7: 46326 | G7: =F7-E7+1 | H7: A (ready 23 Oct) | I7: 4 | J7: No | K7: 46328 | L7: =IF(K7="","",K7-F7)
A8: D | B8: Rental lifecycle | C8: =COUNTIF('Package cards'!$A$5:$A$42,A8) | D8: =SUMIF('Package cards'!$A$5:$A$42,A8,'Package cards'!$E$5:$E$42) | E8: 46319 | F8: 46330 | G8: =F8-E8+1 | H8: A (ready 23 Oct) and C (ready 17 Oct) | I8: 0 | J8: Yes | K8: 46351 | L8: =IF(K8="","",K8-F8)
A9: E | B9: Staff fleet | C9: =COUNTIF('Package cards'!$A$5:$A$42,A9) | D9: =SUMIF('Package cards'!$A$5:$A$42,A9,'Package cards'!$E$5:$E$42) | E9: 46318 | F9: 46330 | G9: =F9-E9+1 | H9: A (ready 22 Oct) and B (ready 17 Oct) | I9: 0 | J9: Yes | K9: 46358 | L9: =IF(K9="","",K9-F9)
A10: F | B10: Staff customers, payments and final test | C10: =COUNTIF('Package cards'!$A$5:$A$42,A10) | D10: =SUMIF('Package cards'!$A$5:$A$42,A10,'Package cards'!$E$5:$E$42) | E10: 46319 | F10: 46334 | G10: =F10-E10+1 | H10: A (ready 23 Oct) and C (ready 17 Oct) | I10: 0 | J10: Yes | K10: 46381 | L10: =IF(K10="","",K10-F10)
A11: Total | C11: =SUM(C5:C10) | D11: =SUM(D5:D10) | E11: =MIN(E5:E10) | F11: =MAX(F5:F10) | G11: =F11-E11+1
A13: Critical path
A14: Step | B14: Package | C14: Cards | D14: From | E14: To
A15: 1 | B15: Foundation and sign in | C15: F1 > F2 > F3 > F5 > F6 | D15: 46311 | E15: 46318
A16: 2 | B16: Rental lifecycle | C16: R2 > R3 > R4 > A1 > A2 > A4 > A3 > A5 > Q5 | D16: 46319 | E16: 46330
A17: 3 | B17: Staff customers, payments and final test | C17: Q7 | D17: 46331 | E17: 46334
A19: If a package on this chain slips a day, the whole back end finishes a day later.

Sheet Package cards
A1: Wayfare: back-end cards in build order
A2: One row per open back-end card, grouped by package. Days = End - Start + 1. Spare = Trello due date - End (negative means the plan ends after the Trello date).
A4: Package | B4: Card | C4: Title | D4: Size | E4: Hours | F4: Start | G4: End | H4: Days | I4: Needs first | J4: Room (days) | K4: Critical | L4: Trello due | M4: Spare (days)
A5: A | B5: F1 | C5: Fix enum typos and add the missing fields | D5: S | E5: 2 | F5: 46311 | G5: 46311 | H5: =G5-F5+1 | I5: Nothing | J5: 0 | K5: Yes | L5: 46311 | M5: =IF(L5="","",L5-G5)
A6: A | B6: F2 | C6: Program.cs setup | D6: M | E6: 4 | F6: 46312 | G6: 46313 | H6: =G6-F6+1 | I6: Nothing | J6: 0 | K6: Yes | L6: 46311 | M6: =IF(L6="","",L6-G6)
A7: A | B7: F3 | C7: Seed roles, admin account and sample cars | D7: M | E7: 4 | F7: 46314 | G7: 46315 | H7: =G7-F7+1 | I7: F1 (A) | J7: 0 | K7: Yes | L7: 46312 | M7: =IF(L7="","",L7-G7)
A8: A | B8: F5 | C8: Authentication and authorization with Identity and JWT | D8: M | E8: 4 | F8: 46316 | G8: 46317 | H8: =G8-F8+1 | I8: F2 (A) | J8: 0 | K8: Yes | L8: 46314 | M8: =IF(L8="","",L8-G8)
A9: A | B9: F6 | C9: Login controller, DTO and mapper | D9: S | E9: 2 | F9: 46318 | G9: 46318 | H9: =G9-F9+1 | I9: F5 (A), F3 (A) | J9: 0 | K9: Yes | L9: 46310 | M9: =IF(L9="","",L9-G9)
A10: A | B10: Q1 | C10: Create the .http file and the login requests | D10: S | E10: 2 | F10: 46319 | G10: 46319 | H10: =G10-F10+1 | I10: F6 (A) | J10: 9 | K10: No | L10: 46317 | M10: =IF(L10="","",L10-G10)
A11: A | B11: Q2 | C11: Sprint 3 test with the front end: sign in and cars | D11: M | E11: 4 | F11: 46320 | G11: 46321 | H11: =G11-F11+1 | I11: F6 (A), F7 (B), C1 (C) | J11: 9 | K11: No | L11: 46317 | M11: =IF(L11="","",L11-G11)
A12: B | B12: F4 | C12: Image storage service | D12: M | E12: 4 | F12: 46311 | G12: 46312 | H12: =G12-F12+1 | I12: Nothing | J12: 9 | K12: No | L12: 46312 | M12: =IF(L12="","",L12-G12)
A13: B | B13: F7 | C13: Register controller, DTO and mapper | D13: M | E13: 4 | F13: 46318 | G13: 46319 | H13: =G13-F13+1 | I13: F4 (B), F5 (A), F1 (A) | J13: 4 | K13: No | L13: 46310 | M13: =IF(L13="","",L13-G13)
A14: B | B14: F8 | C14: ChangePassword endpoint | D14: S | E14: 2 | F14: 46320 | G14: 46320 | H14: =G14-F14+1 | I14: F5 (A) | J14: 4 | K14: No | L14: 46315 | M14: =IF(L14="","",L14-G14)
A15: B | B15: P1 | C15: GetUserProfile controller and UserProfileDto | D15: S | E15: 2 | F15: 46321 | G15: 46321 | H15: =G15-F15+1 | I15: F6 (A), F3 (A) | J15: 4 | K15: No | L15: 46326 | M15: =IF(L15="","",L15-G15)
A16: B | B16: P2 | C16: UpdateProfile and UpdateLicense endpoints | D16: M | E16: 4 | F16: 46322 | G16: 46323 | H16: =G16-F16+1 | I16: F6 (A), F4 (B), F1 (A) | J16: 4 | K16: No | L16: 46328 | M16: =IF(L16="","",L16-G16)
... A42: F | B42: Q7 | C42: Final test of the whole system and bug fixing | D42: L | E42: 8 | F42: 46331 | G42: 46334 | H42: =G42-F42+1 | I42: Q2 (A), Q3 (C), Q4 (F), Q5 (D), Q6 (E) | J42: 0 | K42: Yes | L42: 46381 | M42: =IF(L42="","",L42-G42)

Sheet Risk register
A1: Wayfare: risk register
A2: Edit only the shaded Likelihood and Impact cells (1 = low, 3 = high). Rating = Likelihood x Impact; 6 or more is High, 3 to 4 is Medium, below 3 is Low. The team leader reviews this sheet every week.
A4: ID | B4: Risk | C4: Cause | D4: Likelihood | E4: Impact | F4: Rating | G4: Level | H4: Prevention and fallback
A5: R1 | B5: A team member drops out or is away | C5: 7 people, exams, other courses | D5: 2 | E5: 3 | F5: =D5*E5 | G5: =IF(F5>=6,"High",IF(F5>=3,"Medium","Low")) | H5: Whole-team cards carry every name, and notes and code stay in shared places, so another member can pick up any card.
A6: R2 | B6: Scope creep | C6: New features keep arriving | D6: 3 | E6: 2 | F6: =D6*E6 | G6: =IF(F6>=6,"High",IF(F6>=3,"Medium","Low")) | H6: The scope is the endpoint list agreed in Sprint 2. New ideas wait for a later sprint and need a change request.
A7: R3 | B7: Front end and back end do not match | C7: Different field names or formats | D7: 3 | E7: 2 | F7: =D7*E7 | G7: =IF(F7>=6,"High",IF(F7>=3,"Medium","Low")) | H7: The endpoint list was written in Sprint 2, DTOs keep the front end's field names, and Sprints 3 to 7 each have a Testing with Frontend card.
A8: R4 | B8: Double booking bug | C8: Two customers get the same car | D8: 2 | E8: 3 | F8: =D8*E8 | G8: =IF(F8>=6,"High",IF(F8>=3,"Medium","Low")) | H8: Overlaps are checked in the back end when a rental request is saved (Sprint 4), not only on screen, and retested in Sprint 8.
A9: R5 | B9: Schedule slips | C9: Late cards push testing out | D9: 3 | E9: 3 | F9: =D9*E9 | G9: =IF(F9>=6,"High",IF(F9>=3,"Medium","Low")) | H9: Card due dates are checked every week. Sprint 8 gives 24 days for final testing and fixes. Low-value features are cut first.
A10: R6 | B10: Poor communication | C10: Messages missed in a big group | D10: 2 | E10: 2 | F10: =D10*E10 | G10: =IF(F10>=6,"High",IF(F10>=3,"Medium","Low")) | H10: One group chat for quick talk, one Teams channel for decisions. Decisions are written in the notes, not only said.
A11: R7 | B11: Lost code or data | C11: Bad merge, deleted files | D11: 1 | E11: 3 | F11: =D11*E11 | G11: =IF(F11>=6,"High",IF(F11>=3,"Medium","Low")) | H11: All code lives in the team GitHub repository set up in Sprint 1, with reviewed merges to main. Weekly database backup.
A12: R8 | B12: Security weakness | C12: Passwords and license data | D12: 2 | E12: 3 | F12: =D12*E12 | G12: =IF(F12>=6,"High",IF(F12>=3,"Medium","Low")) | H12: ASP.NET Core Identity and JWT in Sprint 3, role checks on every admin endpoint, input validation, retested in Sprint 8.
A13: R9 | B13: Bugs found too late | C13: Testing left to the end | D13: 2 | E13: 2 | F13: =D13*E13 | G13: =IF(F13>=6,"High",IF(F13>=3,"Medium","Low")) | H13: Every sprint from Sprint 2 has its own bug-fixing card, and testing with the front end starts in Sprint 3.
A14: R10 | B14: Works on one laptop only | C14: Different setups | D14: 2 | E14: 1 | F14: =D14*E14 | G14: =IF(F14>=6,"High",IF(F14>=3,"Medium","Low")) | H14: The web stack, project structure and NuGet packages were agreed in Sprints 1 and 2. Setup steps go in the README.

Sheet Team
A1: Wayfare: team
A2: Seven members. Names on each Trello card show who works on it.
A4: # | B4: Name | C4: Role
A5: 1 | B5: Abdelrahman Hany | C5: Team leader
A6: 2 | B6: Kerollos Romany | C6: Team member
A7: 3 | B7: Mina Maher | C7: Team member
A8: 4 | B8: Samuel Mokhles | C8: Team member
A9: 5 | B9: Matthew Ashraf | C9: Team member
A10: 6 | B10: Marwan Mohamed | C10: Team member
A11: 7 | B11: Basem Hany | C11: Team member
